Amount,Is_Fraud,Transaction_Type_Online,Transaction_Type_POS,Country_India,Country_UK,Country_US,Time_Evening,Time_Morning,Time_Night
3751.6557872851513,0,False,False,False,False,True,True,False,False
9507.635921035062,0,False,True,False,False,False,False,False,False
7322.619478695937,0,False,False,True,False,False,True,False,False
5990.598257128396,0,False,False,False,False,False,True,False,False
1568.6262180199408,0,True,False,False,False,True,True,False,False
1568.3852581586643,0,True,False,False,False,False,False,True,False
590.2552855603126,0,False,False,False,True,False,False,False,True
8663.099696291603,0,True,False,True,False,False,False,True,False
6015.138967314656,0,False,True,False,False,True,False,False,True
7083.645052182495,0,False,True,False,False,True,False,False,False
215.63909801506645,0,True,False,False,False,True,False,False,False
9699.399423098324,0,False,True,True,False,False,True,False,False
8326.101981596214,0,True,False,False,True,False,False,False,True
2131.2677156759787,0,False,False,False,False,True,False,False,True
1826.4314223989352,0,False,False,False,False,False,False,False,True
1842.211053435804,0,False,True,False,False,True,True,False,False
3049.380007165782,0,True,False,False,False,True,True,False,False
5252.316752006056,0,True,False,False,False,True,False,False,False
4325.130736234736,0,False,True,False,False,True,False,True,False
2919.379110578439,0,False,False,False,True,False,False,False,True
6122.41041827657,0,False,True,False,False,False,False,False,True
1403.543667913898,0,False,False,False,True,False,False,True,False
2928.525038866829,0,True,False,False,False,False,False,False,True
3669.95481450398,0,False,False,False,False,True,True,False,False
4566.139142328189,0,False,True,True,False,False,True,False,False
7853.907854316206,0,True,False,False,True,False,False,False,True
2004.7410837620137,0,False,True,True,False,False,True,False,False
5147.20203975198,0,False,True,False,True,False,True,False,False
5928.221542931804,0,False,False,False,False,True,False,False,True
474.03962307277726,0,False,True,False,True,False,False,False,False
6079.37307049537,1,False,False,False,False,True,False,True,False
1713.5359956360423,0,True,False,False,True,False,True,False,False
659.8654139229424,0,False,False,False,False,True,False,False,False
9489.3665171608,0,True,False,False,False,True,True,False,False
9656.664010414848,0,False,False,False,False,False,True,False,False
8085.889507683447,0,False,True,False,False,True,False,True,False
3053.0915540419733,0,False,False,False,False,False,True,False,False
985.7444189237748,1,False,False,False,False,True,False,True,False
6845.487934856447,0,True,False,True,False,False,False,True,False
4407.123412458617,0,False,True,False,False,True,False,True,False
1229.1619660993404,0,False,False,True,False,False,False,False,False
4956.817332011589,0,False,True,True,False,False,False,False,True
353.5413259410318,0,False,False,False,False,True,False,False,False
9094.110816767034,0,False,False,True,False,False,False,False,True
2595.212016184169,0,False,True,False,False,False,False,False,True
6628.59762069628,0,False,False,False,True,False,False,True,False
3123.9936501332154,0,False,True,False,False,True,True,False,False
5205.47953156633,0,False,False,True,False,False,False,True,False
5471.635690639364,0,True,False,False,False,True,True,False,False
1856.6960107000152,0,False,True,False,False,False,False,False,True
9696.15043136794,0,False,False,False,False,True,False,True,False
7753.576905377535,0,False,False,False,False,True,True,False,False
9395.59442622625,0,True,False,True,False,False,False,False,False
8949.325230772212,1,False,True,False,False,False,True,False,False
5983.02078832274,0,False,False,False,True,False,False,True,False
9219.523607880938,0,True,False,False,True,False,False,False,False
894.0400954986758,0,False,False,True,False,False,True,False,False
1967.8687955672608,0,False,True,False,False,True,True,False,False
461.82061621627525,0,False,False,True,False,False,True,False,False
3260.050004325011,0,False,False,True,False,False,True,False,False
3892.886123997925,0,False,False,True,False,False,True,False,False
2720.7768274212203,0,False,False,False,False,True,False,False,False
8289.087716427774,0,True,False,False,False,False,False,False,True
3573.965733668957,0,True,False,True,False,False,False,False,False
2816.535751776934,0,False,True,False,False,True,False,False,False
5431.533870750902,0,True,False,False,False,False,False,False,False
1417.8330074978787,0,True,False,True,False,False,False,False,True
8023.947837732856,0,False,True,False,True,False,False,True,False
754.7609303609105,0,True,False,False,False,False,False,False,True
9869.000496639168,1,True,False,True,False,False,False,False,False
7724.725245273607,0,False,True,False,False,False,True,False,False
1995.1696585263824,0,False,True,False,False,False,True,False,False
65.16595006478796,1,False,True,False,False,False,False,False,False
8156.459670263794,0,False,False,False,False,False,True,False,False
7071.504865037695,1,False,False,False,False,False,False,False,False
7292.781608729463,0,False,True,False,False,False,True,False,False
7714.990763392598,0,False,True,True,False,False,False,False,True
749.7060708235628,0,False,True,False,True,False,False,True,False
3591.072628157284,0,False,False,False,False,True,False,True,False
1167.5319046560458,0,False,False,False,False,False,False,False,True
8632.403224497179,0,True,False,False,False,True,False,False,True
6236.748287007304,0,True,False,True,False,False,False,False,False
3315.6712682779653,0,False,True,False,False,False,False,False,False
644.9479193573761,0,False,False,False,True,False,False,False,False
3116.7133939394653,0,False,False,False,False,True,True,False,False
3258.581387047203,0,False,False,False,False,False,False,False,False
7298.76572159726,0,False,True,True,False,False,False,False,True
6379.19913883858,0,True,False,False,True,False,False,True,False
8873.255298337503,0,False,True,False,False,True,True,False,False
4727.427102367874,0,True,False,False,False,True,False,False,False
1204.746516923634,0,True,False,False,False,False,True,False,False
7135.31542435772,0,False,True,False,True,False,True,False,False
7610.242635682805,0,True,False,False,True,False,False,False,False
5617.159203719268,0,True,False,False,True,False,True,False,False
7711.962127746065,0,False,False,False,True,False,False,True,False
4943.018007680264,0,True,False,True,False,False,False,False,True
5232.1009655261205,0,False,True,False,True,False,False,False,True
4281.134773401911,0,False,True,False,False,True,False,True,False
263.93707617351095,0,True,False,False,False,True,True,False,False
1087.8353556631114,0,False,False,True,False,False,False,False,False
323.9775650104752,0,False,False,False,False,True,True,False,False
6367.740008525167,1,True,False,False,False,True,False,True,False
3150.416250952504,0,True,False,False,True,False,True,False,False
5090.621204735381,0,False,True,False,False,True,False,False,True
9076.58907452167,0,True,False,True,False,False,True,False,False
2500.4293691972607,0,False,False,False,True,False,False,True,False
4109.725401125941,0,True,False,False,False,False,False,False,True
7557.955874045057,0,False,True,False,True,False,True,False,False
2295.6936732613085,0,False,True,True,False,False,True,False,False
779.029299189642,0,False,True,False,True,False,False,False,True
2904.6170146085424,0,False,True,False,True,False,False,False,False
1620.6006596675045,0,False,True,True,False,False,False,False,True
9297.679546902304,0,True,False,False,True,False,False,False,False
8083.122591848525,0,True,False,True,False,False,False,True,False
6337.703527539131,0,True,False,True,False,False,False,True,False
8715.8912959753,0,True,False,False,False,False,False,False,True
8038.684048222153,0,False,True,False,False,True,False,False,True
1873.834888271498,0,False,False,False,False,True,False,True,False
8926.664394914878,1,True,False,False,True,False,False,False,False
5398.028996737351,0,False,False,False,True,False,False,True,False
8076.327150088985,0,True,False,False,False,False,False,False,True
8961.952086235697,0,True,False,False,False,False,False,True,False
3186.85471496892,1,False,False,False,False,False,False,False,True
1109.418726031491,0,False,True,True,False,False,False,False,True
2287.0722737939973,1,True,False,False,False,False,False,True,False
4276.806808376301,1,True,False,False,False,False,False,False,False
8181.967511565706,0,True,False,False,True,False,True,False,False
8608.69852673087,1,False,False,False,False,False,False,True,False
79.45178400659513,0,False,True,True,False,False,True,False,False
5112.365552749881,0,False,False,True,False,False,False,True,False
4179.935921456302,0,False,False,False,True,False,True,False,False
2228.8570266025954,0,False,True,False,False,False,False,False,False
1207.4550196634912,0,False,False,False,False,False,False,False,False
3382.775562322244,0,False,True,True,False,False,False,True,False
9429.667942086066,1,True,False,False,False,False,False,False,True
3238.797290887345,0,False,True,False,False,False,True,False,False
5192.718311216227,0,True,False,False,False,False,False,False,True
7033.159399362827,0,False,False,False,False,True,False,False,True
3642.6597277691462,0,False,False,False,True,False,False,False,True
9718.103006382396,1,True,False,False,False,True,False,False,False
9624.84847647169,0,False,False,False,True,False,False,True,False
2525.305135295388,1,False,True,True,False,False,False,True,False
4977.51257386493,0,True,False,False,False,False,False,False,False
3015.7743150695287,0,False,False,False,True,False,False,False,False
2855.556538830901,0,True,False,False,False,True,False,True,False
378.5006040717826,0,False,True,False,False,False,False,False,True
6099.54769645917,0,False,True,True,False,False,True,False,False
5031.763442056326,0,False,False,False,True,False,True,False,False
524.2727249873936,0,False,True,False,True,False,True,False,False
2793.6781777237484,0,True,False,False,True,False,False,False,True
9083.57620080687,0,False,True,False,False,False,False,True,False
2403.2232877630545,0,True,False,False,False,True,False,False,False
1457.4997721913187,0,True,False,False,False,True,False,True,False
4899.633075172855,0,False,True,False,True,False,False,False,True
9856.6480365649,0,False,False,True,False,False,False,False,False
2428.132162399889,0,False,True,True,False,False,False,False,True
6724.634118584727,0,True,False,False,False,True,True,False,False
7618.579957133888,0,True,False,True,False,False,True,False,False
2383.9990644840727,0,False,True,False,False,True,False,False,True
7284.881322632477,0,False,False,False,True,False,False,False,False
3684.15349586534,0,False,False,False,False,True,False,False,False
6326.735247629859,0,True,False,False,False,True,False,True,False
6338.961810501338,0,True,False,False,True,False,True,False,False
5362.389093906837,0,False,False,True,False,False,False,True,False
911.994802843539,0,False,True,False,False,True,False,True,False
8354.671930936487,0,True,False,False,False,True,False,False,True
3214.592849067641,0,True,False,False,True,False,False,False,True
1873.319918894544,0,False,False,True,False,False,False,True,False
417.34366413209153,0,False,True,False,False,True,True,False,False
5913.020502450536,0,False,False,False,True,False,False,False,True
6778.8679748044015,0,False,True,False,False,True,False,True,False
175.71241098928294,0,False,True,False,False,False,False,True,False
5125.809652409817,1,False,True,False,True,False,False,True,False
2272.6927942274,0,True,False,True,False,False,False,True,False
6455.276176190404,0,False,False,True,False,False,False,True,False
1751.9206257598646,0,False,False,True,False,False,False,True,False
6912.468003643635,0,False,True,True,False,False,False,False,True
3873.486109542369,0,True,False,False,False,True,True,False,False
9367.932587479978,0,True,False,False,False,True,False,True,False
1383.834232018473,1,False,False,True,False,False,False,False,False
3417.2528469920826,0,True,False,True,False,False,False,False,True
1143.6004771934847,0,True,False,True,False,False,False,False,True
9247.689246602842,0,False,True,False,False,True,False,True,False
8774.620140276,0,True,False,True,False,False,False,False,True
2586.8368608744045,0,False,True,True,False,False,False,True,False
6603.240619881449,0,False,False,False,False,False,True,False,False
8174.049780010147,0,True,False,False,False,False,True,False,False
5556.456107878628,0,False,False,True,False,False,False,False,True
5301.209277776505,0,False,False,False,True,False,False,False,True
2426.1043860955124,0,True,False,True,False,False,False,False,False
940.0966503809332,0,True,False,False,False,False,False,False,True
8973.185421953734,0,False,False,False,True,False,False,False,False
9005.176391061672,0,True,False,False,True,False,True,False,False
6334.683558159947,0,False,True,True,False,False,True,False,False
3396.90761257652,0,False,True,False,False,False,False,True,False
3498.603650380482,0,True,False,False,False,False,True,False,False
7262.297231913692,0,False,False,False,True,False,False,False,False
8972.131496926246,0,True,False,True,False,False,False,False,True
8871.993378408522,1,True,False,False,False,True,False,True,False
7800.956703117662,0,False,False,False,False,True,False,False,False
6423.896145081335,0,False,False,False,False,False,False,False,True
850.5582503005378,0,False,True,False,False,True,False,True,False
1624.6708538051917,0,False,False,False,False,False,True,False,False
8986.556343385522,0,False,True,False,False,False,False,False,False
6068.226305999304,0,False,False,False,False,False,False,False,True
101.87854565013018,0,True,False,False,False,True,False,True,False
1023.7007132316608,0,False,True,False,False,False,False,True,False
6638.3826733894775,0,False,True,False,True,False,True,False,False
60.56522262372468,0,False,True,True,False,False,False,False,True
1616.4724336608117,0,True,False,True,False,False,True,False,False
5491.850555772196,0,True,False,False,False,False,True,False,False
6922.033024950006,0,True,False,True,False,False,False,False,True
6523.09298243098,0,True,False,False,False,True,False,False,True
2250.4504015109924,0,True,False,False,False,True,False,False,True
7124.670421261883,0,False,True,True,False,False,False,False,False
2380.1183840930325,0,True,False,False,False,True,False,False,True
3260.7429846110845,0,False,True,True,False,False,False,True,False
7467.449137129061,0,True,False,True,False,False,True,False,False
6499.832661481674,0,False,False,True,False,False,False,False,False
8493.741870836837,0,False,True,False,False,False,False,False,True
6579.55279408043,0,False,False,True,False,False,False,False,False
5687.402947321361,0,False,True,False,False,False,False,False,True
945.8109306026438,0,False,False,True,False,False,False,False,False
3683.480872563741,0,True,False,True,False,False,True,False,False
2659.371653140437,0,True,False,True,False,False,True,False,False
2447.456537357045,0,True,False,False,False,True,False,True,False
9730.375441976932,0,False,True,False,False,False,False,True,False
3937.046269420936,0,False,False,False,False,False,False,False,True
8921.545086219361,0,True,False,True,False,False,True,False,False
6315.074873712656,0,False,False,True,False,False,False,False,False
7950.164922381067,0,False,False,False,False,True,False,False,False
5031.34456012087,0,True,False,False,False,True,False,False,False
5773.269807417328,0,True,False,False,False,True,False,True,False
4930.251761250451,0,False,False,False,False,False,False,False,False
1960.4774481024645,0,True,False,False,False,False,False,True,False
7227.296631462438,0,True,False,False,False,False,False,True,False
2814.915900784149,0,True,False,True,False,False,False,False,True
252.91650465022383,0,False,True,False,False,False,False,False,False
6458.268236112606,0,False,False,False,True,False,False,False,False
1779.3356872764189,0,False,False,False,True,False,True,False,False
9405.181257685614,0,False,True,False,False,True,False,False,True
9539.746484255847,0,False,False,False,False,False,True,False,False
9149.49525830228,1,True,False,False,True,False,False,False,True
3707.885415551889,0,False,False,False,False,True,False,False,False
164.4115991233856,0,True,False,False,False,False,False,True,False
9283.902440251377,0,False,True,True,False,False,False,True,False
4287.55964168997,0,True,False,False,True,False,False,True,False
9666.88164224626,0,False,False,True,False,False,False,True,False
9636.563571121636,0,False,False,False,False,False,False,True,False
8531.564460118927,1,False,False,False,True,False,True,False,False
2951.544431775161,0,False,True,False,False,False,False,False,True
3857.126308733233,0,False,True,True,False,False,False,False,False
8512.8553484534,0,False,False,False,True,False,True,False,False
3176.050831511214,0,True,False,True,False,False,False,False,True
1703.232539394064,0,False,True,False,False,False,False,True,False
5572.444611958918,0,False,False,False,False,False,False,False,True
9362.186193866202,0,False,False,True,False,False,False,False,True
6963.3376687829805,0,False,True,False,True,False,False,True,False
5704.911089192756,0,False,True,True,False,False,False,True,False
980.7931727699776,0,False,True,False,False,False,False,True,False
6153.922194724706,0,True,False,True,False,False,False,False,False
9900.63796254159,0,True,False,False,False,False,False,True,False
1409.439312212875,0,False,False,True,False,False,False,False,False
5188.11322711373,1,False,True,False,True,False,False,True,False
8774.956988560274,0,True,False,False,True,False,False,False,False
7410.278491364503,0,False,True,True,False,False,False,False,True
6973.187252542727,0,False,False,True,False,False,True,False,False
7027.8159990312215,0,True,False,False,True,False,False,False,True
3601.316600685354,0,True,False,False,False,False,False,False,True
2942.982524202289,0,True,False,False,True,False,False,True,False
8095.517943230351,0,False,False,False,False,False,False,False,False
8103.032812845015,0,False,True,True,False,False,True,False,False
8672.052462615236,0,True,False,True,False,False,False,True,False
9133.273120039148,0,False,False,False,False,False,False,True,False
5118.310564620769,1,False,True,True,False,False,False,True,False
5020.147783925124,0,False,False,False,False,False,False,False,True
7984.968837878084,0,False,True,False,False,True,False,False,False
6503.139668469874,0,False,False,False,True,False,False,False,False
7022.649103804456,0,False,True,False,False,True,True,False,False
7959.96876766665,0,True,False,False,False,False,False,False,False
8901.153364757487,0,False,True,False,True,False,False,False,False
3386.571616946843,0,False,False,False,False,False,False,True,False
3762.0736968730407,0,False,False,False,True,False,False,True,False
948.8795790102812,0,False,True,False,True,False,False,False,True
5787.018608551778,0,True,False,False,True,False,False,True,False
369.0633152294535,0,True,False,False,True,False,False,True,False
4661.324201143277,0,False,True,False,False,False,False,True,False
5431.01990072869,0,False,True,False,True,False,False,True,False
2872.547108761561,0,False,False,False,True,False,False,False,True
5912.424273084417,0,True,False,False,False,True,False,True,False
314.6974968911038,0,False,True,True,False,False,True,False,False
383.108405604652,0,True,False,True,False,False,True,False,False
8227.779600989987,0,False,True,False,False,True,True,False,False
3608.304507698516,0,False,True,False,False,True,True,False,False
1279.334521392329,0,True,False,False,False,False,False,True,False
5227.210167947495,0,False,True,False,False,False,True,False,False
7702.235595455122,0,False,True,False,False,False,False,True,False
2166.0520646934638,0,False,False,False,False,True,False,False,True
6232.675853431812,0,False,True,False,False,True,True,False,False
862.6211752877423,1,False,True,False,True,False,False,False,False
526.3003944743909,0,False,True,False,False,False,True,False,False
5318.232769365798,0,False,False,False,False,False,True,False,False
5410.944864884964,0,True,False,False,False,False,False,True,False
6377.924715967083,0,False,False,True,False,False,True,False,False
7263.652423889389,0,False,False,False,True,False,False,False,False
9758.76227383072,0,True,False,False,False,False,False,True,False
5167.840479528941,0,False,False,False,False,False,False,True,False
3236.335164683047,0,True,False,False,False,False,False,False,True
7953.91008573935,0,False,False,True,False,False,False,False,True
2715.6141901081214,0,True,False,True,False,False,True,False,False
4395.324492849305,0,False,True,False,False,True,False,False,True
793.7792496092369,0,False,False,False,True,False,False,False,True
263.2539267204205,0,False,False,False,False,True,False,False,True
9626.857662632472,0,False,False,False,True,False,False,True,False
8361.441403916937,0,False,False,True,False,False,False,True,False
6962.782318876043,1,False,True,False,False,False,False,True,False
4095.439914698556,0,False,False,False,False,True,False,False,True
1741.2102575077492,0,False,True,False,False,False,False,True,False
1572.8060562841497,0,False,True,False,False,True,False,False,True
2509.926552664307,0,False,True,True,False,False,False,True,False
5496.774380414144,0,False,True,True,False,False,False,True,False
7148.813267773623,1,True,False,True,False,False,False,False,False
6605.371793410135,0,True,False,False,False,True,True,False,False
2806.539630489969,0,False,False,False,True,False,False,False,True
9549.104153825308,0,True,False,False,False,True,False,False,False
7381.590197790728,0,True,False,False,True,False,False,True,False
5547.996984588893,0,False,False,False,False,True,False,False,True
6121.090254881179,0,False,False,False,False,True,False,True,False
4201.804623653621,0,False,False,True,False,False,True,False,False
2484.832585116563,0,True,False,False,False,False,False,False,False
3566.167059726103,0,True,False,False,False,False,True,False,False
7580.882643539047,0,False,False,False,True,False,False,False,False
153.79095141126112,0,False,True,False,False,False,False,True,False
1169.5656786640932,0,False,False,False,False,True,True,False,False
469.56639379731,0,False,True,False,False,True,True,False,False
416.88073516651167,0,False,True,True,False,False,False,True,False
8556.051234269962,0,False,False,True,False,False,True,False,False
7039.542015206436,0,False,False,False,False,False,False,False,True
4746.996552582379,0,False,False,False,True,False,False,False,False
987.3632649035048,0,True,False,False,False,False,False,False,False
4921.242592417155,0,False,True,False,False,False,False,False,False
4739.982990097851,0,True,False,False,False,False,False,False,True
1740.2866804010516,0,True,False,False,False,False,False,False,False
4344.177975887351,0,False,False,False,False,True,False,True,False
3991.062296629761,0,True,False,False,True,False,True,False,False
6162.342479541642,0,False,False,False,False,True,False,False,True
6354.585572167762,0,False,True,False,True,False,False,False,False
462.5870576227247,0,False,False,True,False,False,False,True,False
3752.380020118448,0,True,False,False,False,False,True,False,False
6262.3405579852215,0,True,False,False,False,True,True,False,False
5036.3312232150765,0,False,False,False,True,False,False,False,True
8566.33351347134,0,False,False,True,False,False,False,False,True
6590.349379873261,0,True,False,True,False,False,False,False,True
1637.7149265434823,0,False,True,False,False,False,False,True,False
714.9817865302941,0,False,True,False,True,False,False,True,False
6427.768589281093,0,False,False,False,False,True,False,False,True
274.8479923108019,0,False,True,False,False,False,False,False,False
5861.898056921898,0,True,False,False,False,True,True,False,False
9402.900111835326,0,False,False,True,False,False,True,False,False
5758.987036980031,0,True,False,False,False,True,False,True,False
3887.817562803154,0,True,False,False,False,True,True,False,False
6436.449302239108,0,False,True,False,False,False,False,False,False
4587.946376010251,0,False,False,False,False,True,True,False,False
5460.71172526619,0,False,False,False,False,False,False,True,False
9415.233439677486,0,False,True,True,False,False,False,True,False
3867.165351629735,0,True,False,False,False,False,False,False,False
9612.293732600903,0,True,False,False,False,False,False,False,False
9054.452913141076,0,True,False,False,True,False,True,False,False
1965.9534365450716,0,True,False,False,False,True,True,False,False
702.9193957429029,0,False,False,True,False,False,False,True,False
1016.7722337604922,0,False,False,False,False,False,False,False,False
192.0360382589818,0,False,True,True,False,False,False,False,False
953.4851779517248,0,False,True,False,True,False,False,False,False
6833.237666429405,1,False,False,False,False,True,True,False,False
721.1745981176875,0,False,False,False,False,False,False,False,False
3196.5665466346754,0,True,False,False,False,True,False,True,False
8450.304356584851,0,True,False,False,True,False,False,True,False
242.4866380009004,1,False,True,False,True,False,True,False,False
8146.540141063469,0,False,False,True,False,False,False,False,True
2825.729199986265,0,False,True,False,False,False,True,False,False
1190.466627940346,0,False,False,True,False,False,False,False,True
6970.404281987865,0,True,False,False,True,False,False,False,False
6293.139039331041,0,False,True,False,False,True,True,False,False
8775.945415135258,0,False,True,True,False,False,False,True,False
7353.359727600819,0,False,False,True,False,False,False,False,False
8036.774494544637,0,True,False,False,False,True,False,True,False
2827.525379987352,0,False,True,True,False,False,False,False,False
1782.621042359431,0,True,False,False,False,True,True,False,False
7508.641368892175,0,False,True,False,False,False,False,False,True
8070.279045279967,0,True,False,False,False,True,False,False,False
9905.146368586726,0,False,False,False,False,False,False,False,True
4132.05059234515,1,False,True,False,False,True,False,False,False
3726.460677069904,0,False,True,False,True,False,False,True,False
7766.365477812548,0,True,False,False,True,False,False,True,False
3414.627367127648,0,True,False,False,False,False,False,False,False
9308.26568277961,1,False,True,False,False,False,False,False,True
8585.543390911687,0,False,False,False,True,False,True,False,False
4295.650333476433,0,True,False,False,False,False,True,False,False
7511.201967237059,0,True,False,False,False,True,False,True,False
7547.883312105977,0,True,False,False,False,True,True,False,False
1040.2074496709668,0,False,True,False,True,False,False,True,False
9026.503537728871,0,False,True,True,False,False,True,False,False
5057.471200754093,0,False,True,False,False,True,False,False,False
8266.310086416339,1,False,True,False,False,False,False,True,False
3207.2955142958112,0,False,False,True,False,False,False,True,False
8956.277052677042,0,False,False,True,False,False,False,False,False
3898.1247705542896,0,False,True,False,False,True,False,True,False
118.26813828818062,0,False,False,False,False,True,True,False,False
9054.765944428444,0,True,False,True,False,False,True,False,False
921.9539010934742,0,True,False,True,False,False,False,True,False
3199.9432395282447,0,True,False,False,True,False,True,False,False
9501.119050837542,0,False,True,False,False,False,False,False,True
9506.565397906186,0,True,False,False,True,False,False,True,False
5738.644502351628,0,False,False,False,False,True,False,False,False
6322.053749576295,0,False,True,False,True,False,False,False,True
4489.970764563414,0,False,False,False,True,False,False,True,False
2939.1756092636647,0,True,False,False,True,False,False,False,False
3293.3588082454603,0,True,False,False,True,False,True,False,False
6728.459376209614,0,True,False,False,False,False,False,False,False
7526.221549082424,0,False,True,False,False,False,False,False,True
7917.874646821227,0,False,False,True,False,False,True,False,False
7898.285246517594,0,False,True,False,False,True,False,True,False
921.1489694564168,0,False,True,False,True,False,True,False,False
4949.258843978789,0,True,False,True,False,False,False,True,False
585.0120125662764,0,False,True,True,False,False,False,True,False
5499.793534414118,0,False,True,True,False,False,False,False,False
4420.889708720037,0,True,False,False,False,False,False,False,False
8878.164785755414,1,False,True,False,True,False,False,False,False
3515.640975395266,0,True,False,False,True,False,False,False,True
1179.4994941117825,0,True,False,False,False,True,False,False,True
1438.4869037078302,0,True,False,False,True,False,False,False,False
7617.491210857548,0,True,False,False,True,False,False,False,True
6185.998452529448,1,False,True,True,False,False,True,False,False
1020.2155344666744,0,True,False,False,False,True,True,False,False
850.2269930888243,0,True,False,False,True,False,False,False,True
7012.681623276609,0,False,True,False,False,False,False,False,True
736.9024335782933,0,False,True,False,True,False,True,False,False
8220.381992310658,0,False,False,True,False,False,False,True,False
7065.359849293397,0,False,True,False,False,False,True,False,False
822.6743186125786,0,False,True,True,False,False,True,False,False
857.5287637110673,0,False,False,False,True,False,False,False,True
9866.529389226744,0,False,True,False,False,False,True,False,False
3748.965249603642,0,False,True,False,False,True,False,False,True
3712.71504919824,0,False,True,False,False,True,False,False,True
8129.86767690245,0,False,True,False,False,False,False,False,False
9473.013288064749,0,False,False,False,False,False,True,False,False
9860.15062759048,0,False,True,True,False,False,False,True,False
7536.248070736827,0,False,True,False,False,False,False,False,False
3768.833259453848,0,False,False,True,False,False,False,False,True
844.1721598197009,0,True,False,False,True,False,False,False,True
7773.697690115094,0,False,False,True,False,False,False,True,False
5588.458454860693,0,True,False,False,False,False,False,False,True
4247.977872377293,0,False,False,False,False,False,True,False,False
9064.480307096412,0,False,False,False,True,False,False,False,False
1120.862848238452,0,False,True,False,False,False,False,False,True
4931.3247918656825,0,True,False,False,False,False,False,False,True
123.4229112265165,0,False,True,False,False,True,False,True,False
4691.919813521322,0,True,False,False,False,True,True,False,False
572.4697240615551,0,False,False,False,True,False,False,False,True
1196.9909835180383,0,False,False,True,False,False,False,True,False
1184.087205303278,0,True,False,False,False,True,False,False,True
6495.610918139475,0,False,True,True,False,False,False,True,False
7462.988343861579,0,False,True,False,False,False,False,True,False
5837.853963320625,0,False,True,False,False,True,True,False,False
9622.103759260674,1,False,True,False,True,False,False,False,True
3754.9570894418034,0,False,False,False,True,False,True,False,False
2864.2637419557886,0,False,False,False,True,False,False,True,False
8687.305290612709,0,False,False,False,False,True,False,False,False
2243.722426809332,0,False,False,True,False,False,False,False,True
9632.593169011709,0,False,False,False,False,False,False,False,False
131.42320215126523,0,False,True,True,False,False,False,False,True
9699.089478809314,0,False,True,True,False,False,True,False,False
441.1675203862554,0,False,True,False,False,False,True,False,False
8912.51970584373,0,False,True,False,False,False,True,False,False
5281.734079772135,0,False,False,False,False,True,True,False,False
9929.71831323181,0,False,False,False,False,True,True,False,False
747.2276817066346,0,False,False,False,False,True,False,False,False
5543.004301169195,0,True,False,False,False,True,True,False,False
9693.3323308348,0,False,True,False,False,True,False,True,False
5235.747463259787,0,False,True,False,False,False,False,True,False
6297.692394971273,0,False,False,True,False,False,False,False,False
6960.529402956326,0,False,True,False,False,True,False,False,True
4550.865237030054,0,False,True,False,False,True,False,True,False
6279.305220039794,0,False,False,True,False,False,False,False,True
5847.299976111772,0,True,False,False,False,True,False,False,False
9012.56852480498,0,True,False,True,False,False,False,False,True
464.00933961116414,0,True,False,True,False,False,False,False,True
2816.8222640263807,0,False,False,False,False,False,False,False,True
9504.610725924822,0,False,True,False,True,False,False,False,True
8903.735201070254,0,False,False,False,False,False,False,False,False
4562.010960329272,0,False,False,False,True,False,False,True,False
6205.124652037352,0,False,True,False,True,False,True,False,False
2781.038017981516,0,True,False,False,True,False,False,False,True
1889.3303856403757,0,True,False,False,False,True,False,True,False
4642.347065350422,0,False,False,False,False,False,False,True,False
3539.988757980268,0,True,False,False,True,False,False,False,False
5840.724557390212,0,False,False,True,False,False,False,True,False
786.5690232801985,0,False,False,False,False,True,False,False,False
9744.204128585005,0,False,True,False,False,False,False,False,True
9862.245337351233,0,False,True,False,True,False,False,False,True
6984.6355230572535,0,False,True,True,False,False,True,False,False
5365.602699777763,0,False,False,False,False,False,True,False,False
3102.1808867004142,0,False,True,False,False,False,True,False,False
8139.812246872417,0,True,False,False,False,True,False,True,False
6850.464413813254,0,True,False,False,False,False,False,False,True
1634.5432240554642,0,False,False,False,False,True,False,False,False
9110.162573093488,0,False,False,False,True,False,True,False,False
8227.147056802458,0,False,True,False,False,True,False,False,False
9498.501133786322,0,False,False,True,False,False,False,False,False
7259.937888799716,0,False,False,False,False,True,True,False,False
6138.017807398541,0,True,False,True,False,False,False,False,True
4188.247932543282,0,True,False,False,False,True,True,False,False
9327.957548706592,0,False,True,False,False,False,False,False,False
8661.97825610908,0,False,False,False,True,False,True,False,False
461.7345143608322,0,False,False,True,False,False,False,False,False
273.40607522754755,0,True,False,False,False,True,False,False,False
3770.869035111716,0,False,False,False,False,True,True,False,False
8107.427774510511,0,True,False,False,False,True,False,True,False
9872.888531856295,0,False,True,False,False,False,True,False,False
1512.6647421242465,0,True,False,False,False,False,False,True,False
5945.36584636783,0,False,False,True,False,False,False,False,False
3815.099657743905,0,False,True,True,False,False,False,False,False
9699.444834167884,0,True,False,False,False,False,False,True,False
8422.76804212573,0,True,False,True,False,False,False,False,False
8384.903760064268,0,False,True,False,True,False,False,True,False
4692.244666351753,0,False,True,False,True,False,False,True,False
4154.046828353276,0,True,False,False,False,False,False,False,False
2741.3366485877555,0,False,False,True,False,False,False,False,True
573.1912115427618,1,True,False,False,False,True,False,True,False
8648.576538787982,0,False,True,False,True,False,True,False,False
8130.881081209475,0,True,False,False,False,False,True,False,False
9997.179556128443,0,False,True,True,False,False,False,False,False
9966.402002368315,0,False,True,False,False,False,False,False,True
5558.762738970248,0,False,False,False,False,True,False,False,False
7692.1842776533,0,False,True,False,True,False,False,False,True
9448.209641525456,0,False,True,False,False,False,False,True,False
8497.977432867341,0,False,False,False,False,False,False,True,False
2481.0075364145446,0,False,True,False,False,False,False,True,False
4510.935911747834,0,False,False,False,False,True,False,True,False
1300.302557363435,0,False,False,False,False,False,True,False,False
9540.969762314637,0,False,True,False,False,True,True,False,False
6065.684598164292,0,False,True,False,False,True,False,False,False
2294.1416269795927,0,True,False,False,False,True,False,False,True
6720.289837214509,0,False,False,False,True,False,False,True,False
6185.101122174379,0,True,False,False,True,False,False,True,False
3588.0455531480766,0,False,True,False,False,False,False,False,True
1144.440346074294,0,True,False,False,False,False,False,False,True
6719.016223972068,0,False,False,False,True,False,False,False,False
5207.873932028895,0,True,False,True,False,False,False,False,True
7725.460733439037,0,False,False,False,True,False,False,True,False
5206.433376108814,0,False,True,False,False,True,False,True,False
8523.293188182215,0,False,True,False,True,False,False,True,False
5523.549319357111,0,False,False,False,False,True,False,True,False
5613.770335638509,0,False,True,False,False,False,False,True,False
8767.769490556866,0,False,True,True,False,False,False,False,False
4040.793833461847,0,False,True,False,False,False,False,True,False
1348.812132221901,0,False,True,False,False,True,False,False,False
297.53893637025635,0,False,False,False,False,True,False,True,False
7553.821184179454,0,True,False,False,False,True,True,False,False
6206.892418021112,0,True,False,True,False,False,True,False,False
7043.756883311244,0,False,True,False,True,False,True,False,False
2137.5119734740183,0,True,False,False,False,False,True,False,False
1372.35104111183,0,True,False,False,False,False,False,False,False
155.30121002214048,0,False,True,False,True,False,False,False,False
3512.369712477904,0,False,True,False,False,False,False,False,True
5903.277691677785,0,True,False,True,False,False,False,True,False
3928.518010546326,0,False,False,False,False,False,True,False,False
4380.374471017053,0,False,True,False,False,True,False,False,False
9042.545357992549,0,False,False,False,True,False,False,True,False
3489.0721155627703,0,True,False,True,False,False,False,True,False
5144.75499670651,0,False,True,False,True,False,False,False,False
7838.693597284019,0,False,False,True,False,False,True,False,False
3971.462395389489,0,False,True,False,False,True,False,False,True
6224.646135276456,1,True,False,False,True,False,False,True,False
8625.013450379984,0,False,False,False,False,False,False,False,True
9495.711030339844,0,True,False,True,False,False,True,False,False
1479.264074481089,0,True,False,False,True,False,True,False,False
9266.610375363329,0,False,True,False,False,False,False,False,True
4926.241767864586,0,False,False,False,True,False,True,False,False
2589.861439106594,0,True,False,False,True,False,False,True,False
4596.76620482023,0,True,False,False,True,False,False,False,True
9800.525427101917,0,False,False,True,False,False,True,False,False
4931.254758988767,0,True,False,False,False,False,False,False,True
3294.228586772207,0,True,False,False,False,True,False,True,False
6337.6745346240905,0,False,False,True,False,False,True,False,False
2409.054731594149,0,False,False,True,False,False,False,True,False
767.8746478055525,0,False,False,True,False,False,True,False,False
1297.5084218873858,0,False,False,False,False,True,False,False,False
1289.1779311881469,0,False,True,False,False,False,True,False,False
1527.5079081878205,0,False,False,False,False,False,False,False,True
1396.8834547676072,0,False,True,False,False,False,True,False,False
6412.338700584114,0,False,True,False,True,False,False,True,False
1826.9820431474568,0,False,True,False,True,False,False,True,False
3463.2161604053936,0,True,False,False,True,False,True,False,False
8968.916214961058,0,False,True,False,False,True,False,False,True
4744.876786226095,0,False,True,False,True,False,False,False,False
6678.901807825062,0,True,False,False,False,True,False,False,True
1731.475513304282,0,True,False,False,False,False,False,False,False
1930.9672978986207,0,True,False,False,True,False,False,True,False
418.2774765021238,0,False,False,False,True,False,False,False,True
1697.6612800909238,0,True,False,True,False,False,False,False,False
2793.1174869292668,0,True,False,False,False,True,True,False,False
1778.334737924701,0,False,True,False,False,False,False,True,False
896.1383122329855,0,True,False,True,False,False,True,False,False
1215.1523522950022,0,False,False,True,False,False,False,True,False
4613.17989264693,0,True,False,False,False,False,False,False,True
2071.273846873867,0,False,False,True,False,False,False,False,True
3649.055911870274,0,True,False,False,False,True,False,True,False
5039.13853584002,0,True,False,False,False,True,False,True,False
6907.044338007359,0,True,False,False,True,False,False,True,False
402.7282770125784,0,True,False,True,False,False,False,False,True
7996.109885101336,0,False,False,False,True,False,False,False,False
6282.724891014169,0,False,False,True,False,False,True,False,False
826.7727291692304,0,False,True,False,False,True,True,False,False
8737.050454826704,0,False,False,False,False,True,False,False,True
9209.515281312812,0,True,False,False,False,True,True,False,False
620.1688189500888,0,False,True,True,False,False,False,True,False
2776.0077049905653,0,False,True,False,False,True,False,False,False
8063.950785132682,0,False,True,True,False,False,True,False,False
7485.114306932747,0,True,False,False,True,False,False,False,False
1853.3649833702093,0,False,False,True,False,False,False,True,False
2101.399740133736,0,True,False,False,True,False,True,False,False
3711.016306885906,0,False,True,True,False,False,False,False,True
4850.384622058303,0,True,False,False,True,False,False,False,False
6186.365167587656,0,True,False,False,False,True,False,True,False
3695.4472593020255,0,False,False,False,True,False,False,False,False
4630.721814170148,0,False,False,False,False,True,True,False,False
7477.234671956227,0,False,True,False,False,True,True,False,False
376.465196877073,0,True,False,False,True,False,False,False,True
2531.8450739967675,0,True,False,True,False,False,False,True,False
7136.362362986679,1,False,False,True,False,False,False,True,False
8953.116308495122,0,True,False,False,False,False,False,False,True
5121.657646735504,0,True,False,True,False,False,False,False,True
5325.813717800504,0,True,False,False,False,False,False,True,False
1080.6483932843628,0,False,False,True,False,False,False,False,False
4479.649544566312,0,False,True,True,False,False,False,False,False
5330.846491885682,0,False,True,False,False,True,False,False,True
2432.2803313109494,1,True,False,False,False,False,False,False,False
2699.739877184316,0,False,True,True,False,False,False,True,False
3779.06878941518,0,False,False,False,False,False,True,False,False
210.5112657994864,0,False,False,False,False,True,True,False,False
3227.570864175951,0,False,True,False,False,True,False,False,False
2122.365589895481,0,False,True,False,False,False,False,False,True
3281.6985482573677,0,True,False,False,False,True,False,False,True
1206.4236968743196,0,False,True,False,True,False,False,False,True
8906.36753459155,0,True,False,False,True,False,False,False,True
5939.9886110049465,0,True,False,False,False,True,False,False,True
6794.232168253451,0,False,False,False,True,False,False,False,False
7893.82067368731,0,False,False,True,False,False,True,False,False
4989.437567301282,0,False,False,False,False,False,True,False,False
878.3336779933627,0,False,False,True,False,False,False,False,False
5375.694352767292,0,False,True,False,False,False,False,False,True
5872.542769028582,0,False,False,False,False,True,False,False,False
7456.940347101457,0,False,True,True,False,False,True,False,False
4322.278866834497,0,False,False,False,False,True,False,True,False
1284.527224927682,0,False,True,False,False,True,False,False,False
2844.9212989292573,0,True,False,False,False,False,False,False,True
3637.192141022365,0,False,True,False,False,False,True,False,False
6462.713240902696,0,False,True,False,False,False,True,False,False
5712.0752636424295,0,False,False,True,False,False,True,False,False
3567.406291719484,0,False,True,False,True,False,True,False,False
9865.287335441868,0,True,False,False,False,False,False,False,True
6061.690445375302,0,True,False,False,False,False,False,True,False
2379.8956494425847,0,False,False,True,False,False,True,False,False
1026.8069014778334,0,True,False,False,False,False,False,False,False
1537.062800451477,0,False,True,True,False,False,False,True,False
2467.1177065612364,0,True,False,False,False,True,True,False,False
1615.2069188629612,0,False,False,False,False,False,False,True,False
1873.8045702725449,0,False,True,False,False,False,False,False,False
2858.100735251533,0,False,False,False,False,True,True,False,False
1742.0022169946008,0,False,True,False,False,True,False,False,False
8968.686592017988,0,True,False,False,False,True,False,False,True
811.5351191598056,0,False,False,False,False,False,True,False,False
5249.868781806844,0,False,False,False,True,False,True,False,False
4109.864301626719,0,False,True,False,True,False,True,False,False
9823.962382916978,0,False,False,False,True,False,True,False,False
1129.268632658843,0,False,True,False,False,False,False,False,True
3984.577434466959,0,False,True,False,False,True,True,False,False
9695.009628420936,0,False,True,False,False,False,False,True,False
8656.416187680863,0,False,True,False,False,True,True,False,False
8172.549988783307,0,True,False,False,False,False,False,False,True
2586.449242178949,0,False,True,False,False,False,True,False,False
1717.1669980267577,0,False,False,False,False,True,False,True,False
6689.745767045066,0,True,False,False,True,False,False,False,True
9294.466131384585,0,False,False,False,False,True,False,False,True
5572.061301209159,0,True,False,True,False,False,False,True,False
5720.410767804299,0,False,True,True,False,False,False,True,False
2806.991145666239,0,True,False,False,False,True,False,True,False
7697.23440258745,0,True,False,False,False,False,False,True,False
1878.5670480896583,0,False,False,True,False,False,False,True,False
3243.5555716783942,0,False,False,True,False,False,False,False,True
4260.110021778004,0,False,True,False,False,False,False,False,True
5081.027683057706,0,True,False,False,False,False,True,False,False
2431.6732268266514,0,True,False,False,True,False,True,False,False
1157.2198791446433,0,True,False,False,False,False,False,False,False
6110.0942239919095,0,False,True,False,False,True,True,False,False
2893.419226870155,0,False,True,False,False,True,True,False,False
5816.569832011896,0,False,True,False,True,False,False,True,False
1552.0835255892812,0,False,True,True,False,False,False,True,False
4816.589617529627,0,False,True,True,False,False,True,False,False
5330.568431190342,0,False,False,False,False,False,False,False,False
527.7171328560448,0,True,False,False,False,True,False,True,False
3372.676739157266,0,True,False,True,False,False,True,False,False
1352.8026226203526,0,True,False,False,True,False,True,False,False
643.1159550229497,0,True,False,False,True,False,False,False,True
9899.702721575552,0,True,False,False,False,True,False,False,False
3230.3149112974825,0,True,False,False,True,False,False,False,True
8100.645714087802,0,True,False,False,True,False,False,False,False
2553.860141090001,0,True,False,False,False,True,False,True,False
6818.212195017053,0,False,False,False,False,False,False,False,False
7604.676320297968,0,True,False,False,False,False,True,False,False
5960.431018672364,0,False,False,False,True,False,True,False,False
4721.046123616082,0,False,True,False,False,False,False,False,False
4124.290732331213,0,True,False,False,False,False,False,False,False
3495.193982764523,0,False,True,False,True,False,False,False,False
9295.99615103578,0,False,True,False,False,False,False,False,True
8307.887883799414,0,False,True,False,True,False,False,False,False
9650.61883755846,0,False,False,True,False,False,False,True,False
1251.7292626205915,0,False,True,False,False,True,False,False,True
7311.366077284406,0,False,True,False,False,True,False,False,True
9384.021163642168,0,False,True,False,False,False,False,False,False
1820.5183309949448,0,True,False,False,False,False,False,True,False
674.2977109941072,0,True,False,False,False,False,False,False,True
7413.79528640769,0,False,False,False,False,True,True,False,False
5748.98640066732,0,False,False,True,False,False,False,False,True
8419.869479815137,0,True,False,True,False,False,False,False,False
1406.326042496632,0,False,False,False,False,True,False,True,False
7954.720445480303,0,True,False,True,False,False,False,False,False
2024.256927276968,0,False,True,False,False,True,True,False,False
1644.922869228388,0,False,True,True,False,False,True,False,False
1651.0153213306194,0,False,False,False,True,False,True,False,False
8147.601455111508,1,True,False,False,True,False,False,False,False
6655.32023475504,0,True,False,False,False,True,False,False,True
5235.423593443502,0,False,False,True,False,False,False,False,False
3594.7165363937897,0,True,False,False,False,False,False,True,False
8773.233402722952,0,False,True,True,False,False,False,False,True
3930.5266231521273,0,False,False,False,True,False,True,False,False
8167.828400321056,0,False,False,False,True,False,False,False,False
4396.957736616482,1,True,False,True,False,False,True,False,False
3775.674849954826,0,False,False,True,False,False,True,False,False
4632.171058839368,0,True,False,False,False,False,False,True,False
3020.764962899779,0,True,False,False,False,False,False,False,True
7478.617707960749,0,True,False,True,False,False,False,True,False
5032.176697023867,1,True,False,True,False,False,False,True,False
2329.8048245167047,0,True,False,True,False,False,False,True,False
8996.74998701294,0,False,False,True,False,False,True,False,False
3845.073301518382,0,False,True,False,False,True,False,True,False
5440.093082528746,0,False,True,True,False,False,False,True,False
9065.656388535825,0,False,False,False,False,False,False,False,True
6246.137579180781,0,False,False,False,True,False,False,False,True
1177.8114266765572,0,False,True,False,False,True,False,True,False
9398.922914898616,0,False,True,True,False,False,False,False,True
6280.8034501834645,0,False,True,False,True,False,False,False,True
3355.7070904242905,0,False,True,False,False,True,False,True,False
1401.3280059072388,0,False,True,False,True,False,True,False,False
7942.311640810257,0,True,False,True,False,False,False,True,False
6204.52683172585,0,False,False,True,False,False,False,False,True
5339.276308843452,0,True,False,False,False,False,True,False,False
8939.986904679066,0,False,True,True,False,False,False,False,False
7888.086140133062,0,False,True,True,False,False,True,False,False
1525.2320485301843,0,False,True,False,False,True,False,False,True
3124.103457277527,0,True,False,False,False,False,True,False,False
2492.4065067465126,0,True,False,False,False,True,False,True,False
7442.023462801043,0,False,True,False,True,False,False,False,False
344.98902301043603,0,True,False,True,False,False,False,False,False
5703.197951864452,0,True,False,False,True,False,False,False,False
7626.962270549498,0,False,True,False,False,True,False,False,True
8768.888711249878,1,True,False,True,False,False,False,False,True
3427.396669671916,0,False,False,True,False,False,False,False,False
8214.360473673409,0,False,False,False,False,True,True,False,False
1115.2110521825202,0,False,False,False,False,True,False,False,False
8466.058394427837,0,False,False,False,False,True,True,False,False
1283.6117366965043,0,False,True,False,False,True,True,False,False
3978.900032698069,0,False,True,False,False,True,False,False,True
7974.980704137741,0,False,True,True,False,False,True,False,False
1507.6750992142502,0,False,False,False,False,True,False,False,False
2300.2214383740884,0,False,False,True,False,False,False,False,True
7225.303158246732,0,True,False,True,False,False,False,True,False
7203.165000095283,0,True,False,False,False,True,False,True,False
6415.06485252412,1,False,False,False,False,True,False,False,True
6942.544960226329,1,False,False,False,False,False,False,False,False
5431.817189042486,0,False,False,True,False,False,False,True,False
2525.472598480458,0,False,False,False,False,True,False,True,False
3463.502975104155,0,True,False,False,False,True,True,False,False
1824.1611908462423,0,False,False,False,False,True,True,False,False
9085.421107722948,0,True,False,False,False,False,False,False,False
5838.084029713544,0,False,False,False,False,False,False,False,True
4014.5056534687615,0,False,False,False,True,False,False,False,False
4625.437978404885,0,False,False,True,False,False,False,False,True
9473.360562722037,0,True,False,False,True,False,False,True,False
1541.9805171296412,0,True,False,False,False,True,True,False,False
5866.436021847804,0,False,True,False,False,False,False,False,False
5063.827902055815,0,False,False,False,False,False,False,False,False
6118.427811992132,0,False,True,False,True,False,False,False,True
190.9207363701967,0,False,True,False,False,False,False,False,True
8722.517850352073,0,True,False,False,False,True,False,False,False
9321.861642011288,0,True,False,False,False,False,False,False,True
5655.680504056198,0,False,True,False,True,False,False,False,False
6969.5417305301535,0,False,False,False,False,True,False,False,False
9225.768817961183,0,True,False,False,True,False,False,False,False
7075.313956790852,0,False,False,False,False,False,False,True,False
1533.8650387134708,0,False,False,False,True,False,False,False,True
5767.120718066463,0,False,True,False,True,False,True,False,False
6071.08331336473,0,False,True,True,False,False,True,False,False
4247.065406310836,0,False,True,False,False,False,False,False,True
7367.077913890981,0,False,True,False,False,False,False,False,False
9344.326477542458,0,True,False,False,True,False,True,False,False
9256.429443938696,0,True,False,True,False,False,True,False,False
4513.88532032728,0,False,True,False,False,False,False,False,True
1141.248077949145,0,True,False,False,False,True,True,False,False
9848.563577633722,0,False,True,False,True,False,False,False,False
8390.591883594881,0,False,False,False,False,False,False,False,True
1255.380185220636,1,False,False,False,False,True,False,False,False
9209.21040734755,0,False,False,False,False,False,True,False,False
8700.264657000662,0,False,True,False,False,True,True,False,False
5193.19219068946,0,False,False,False,True,False,False,False,False
5916.841603091843,0,True,False,False,False,False,False,True,False
3996.037011662601,0,False,False,False,False,False,True,False,False
557.068771832093,0,False,False,True,False,False,False,True,False
3358.6204440425504,0,False,False,False,True,False,True,False,False
8030.505951494134,0,True,False,False,False,True,False,True,False
56.27390981598256,0,False,True,False,False,False,False,True,False
3341.6567251945303,0,True,False,False,False,False,False,True,False
3987.705248973524,0,False,True,False,False,True,False,False,False
5378.582073349849,0,False,True,False,True,False,False,True,False
9199.357607963477,0,False,False,True,False,False,False,True,False
3469.9964837159528,0,False,True,True,False,False,False,True,False
3476.0624869433145,0,True,False,False,False,False,True,False,False
7377.637468616386,0,True,False,False,False,True,False,True,False
4527.657229489174,0,False,True,False,False,False,True,False,False
2253.80218117042,0,False,False,False,False,True,False,True,False
4529.870766165607,0,False,False,True,False,False,False,True,False
1417.1616335942006,0,True,False,False,True,False,False,False,False
1772.1059951971708,0,False,False,False,False,True,True,False,False
4988.694049667402,0,False,True,True,False,False,False,True,False
4195.065240550433,0,False,True,False,False,False,True,False,False
9149.31055167032,0,True,False,False,False,True,True,False,False
3630.315052175165,0,False,True,False,True,False,False,False,True
5810.077619277654,1,True,False,False,False,False,False,False,False
6326.320236316108,0,False,True,False,False,False,False,False,False
140.81362131745303,0,True,False,True,False,False,False,False,False
6638.7383464469385,0,False,False,False,False,True,False,False,True
1788.5793090288169,1,False,True,False,False,False,False,False,True
9611.092471519856,0,False,True,False,True,False,False,False,False
1495.1406502535983,0,True,False,False,False,True,False,False,True
4152.094996032967,0,True,False,False,True,False,False,False,True
862.6431841056522,0,False,True,False,False,False,False,False,True
9968.773775941014,0,True,False,False,True,False,False,False,False
5026.928153209114,1,False,True,True,False,False,False,False,False
5957.8963230272375,0,False,False,False,True,False,False,False,False
680.0940091103905,0,True,False,False,False,True,False,False,True
7502.105099287786,0,False,True,False,True,False,False,False,False
2106.956875024902,0,False,False,False,True,False,False,False,True
8981.56235151273,0,False,False,True,False,False,False,True,False
2059.3450084152514,0,False,True,False,True,False,False,False,True
1914.970329430029,0,True,False,False,True,False,True,False,False
375.13118180246784,0,False,True,False,False,False,False,False,False
4725.948781648893,0,False,False,False,False,False,False,False,False
5652.762921293538,0,False,True,False,False,True,True,False,False
666.4293078892401,0,True,False,False,False,False,False,False,True
7757.520890783156,0,False,False,False,False,False,False,True,False
4538.355459132796,0,False,True,False,False,False,True,False,False
5248.6587905825245,1,True,False,False,False,False,True,False,False
4413.219841912899,0,False,False,True,False,False,False,False,True
4013.6229781445063,1,True,False,False,False,False,False,False,False
5600.806909769097,0,False,False,True,False,False,False,False,True
1560.850056847818,0,False,True,True,False,False,True,False,False
1827.4620236477583,0,True,False,False,False,False,True,False,False
8619.238353925039,0,False,False,False,True,False,False,False,False
9461.69346671499,0,True,False,True,False,False,False,False,False
3739.360069634732,0,True,False,False,True,False,False,False,False
2714.7392847041024,0,False,True,False,True,False,False,False,True
6443.555436957768,0,True,False,False,False,False,False,False,False
4093.254369269983,0,False,False,False,False,True,True,False,False
263.6096930468452,0,False,False,False,False,False,True,False,False
1569.9644476882418,0,False,False,False,False,True,False,True,False
7162.562566185501,0,False,False,False,False,True,False,False,True
6592.650179682412,0,False,True,False,False,False,False,True,False
280.68896510980005,0,True,False,False,False,False,True,False,False
2227.501897710165,0,False,True,False,False,True,False,True,False
2318.437217914833,0,True,False,False,False,False,True,False,False
6722.208508551297,0,True,False,False,False,True,False,True,False
206.9082721660979,0,True,False,False,True,False,False,False,False
1050.0447340258927,0,False,True,False,False,False,False,True,False
8001.161692878161,0,True,False,False,True,False,False,False,False
1793.6611739227928,0,False,True,True,False,False,False,False,False
6530.933617440228,0,False,False,False,True,False,False,False,True
2389.445982656798,0,False,False,False,True,False,False,False,False
1003.4195136658582,0,True,False,False,False,True,False,False,False
2439.290188084546,0,False,True,False,True,False,False,True,False
7225.446649238035,0,False,False,False,False,False,True,False,False
8558.407716381795,0,False,True,False,False,True,False,False,True
8303.896447024246,0,False,True,True,False,False,False,False,False
3977.863460888364,0,True,False,False,False,False,False,False,True
6684.170514340755,0,False,False,True,False,False,False,True,False
2057.7931112040515,0,True,False,False,True,False,False,False,False
2938.5458253075226,0,True,False,False,False,False,False,True,False
8964.394827025986,0,False,False,False,False,False,False,False,True
139.889215872253,0,False,False,True,False,False,False,True,False
864.2302232361361,0,False,True,False,False,False,False,False,True
2086.783688908813,0,False,False,False,False,False,False,True,False
275.05671669945895,0,False,True,False,False,False,False,False,True
1822.5399965470751,0,False,True,False,True,False,True,False,False
5834.585194087224,0,False,True,True,False,False,False,True,False
4220.031260419055,0,False,False,False,False,False,False,True,False
8927.79039365898,0,True,False,False,False,True,True,False,False
8176.261181767025,0,False,True,False,False,True,True,False,False
3424.7553434617807,0,True,False,False,False,True,False,True,False
2601.640099978612,0,True,False,False,False,True,True,False,False
3803.127157590997,1,False,False,False,True,False,False,False,False
5907.046475722929,0,True,False,False,False,False,False,False,True
2687.9557718205338,0,True,False,True,False,False,False,False,True
6245.247589412849,0,False,False,False,False,False,False,False,True
4100.022405390491,0,False,True,False,True,False,False,False,False
5524.951336711282,0,True,False,False,False,True,True,False,False
4366.904026061814,0,False,False,False,True,False,True,False,False
2951.7129378237573,0,True,False,False,False,False,False,True,False
9485.048536551943,0,True,False,True,False,False,True,False,False
7638.42188365601,0,False,True,False,True,False,False,True,False
1409.730625906861,0,True,False,True,False,False,False,False,False
8685.995079220149,0,False,False,False,True,False,False,False,True
4879.4376705126415,0,True,False,True,False,False,False,False,True
8946.576746671974,0,False,True,True,False,False,False,False,True
8000.554006913679,0,False,True,False,False,True,True,False,False
4257.882909647642,0,False,False,True,False,False,False,True,False
234.4683901179728,0,False,True,False,False,True,False,True,False
2694.086820255611,1,True,False,False,False,False,False,False,False
5420.92580446206,0,False,True,False,False,False,True,False,False
6338.447416063212,0,False,False,False,False,True,False,False,False
2586.297977477691,0,False,True,False,False,True,False,True,False
1402.167179987513,0,False,True,False,True,False,False,True,False
8350.953065624999,0,False,True,False,True,False,False,False,True
9844.177785228483,0,False,False,False,True,False,True,False,False
5261.644921203832,0,False,True,False,False,False,False,True,False
1725.076065624552,0,False,True,False,True,False,False,False,True
2730.350191928496,0,True,False,True,False,False,True,False,False
193.72285870919268,0,False,False,True,False,False,False,False,False
9143.845077539385,0,False,True,False,True,False,True,False,False
1186.33331807251,0,False,False,True,False,False,True,False,False
5769.399590387393,0,False,True,False,False,False,False,True,False
2747.811654665188,0,False,True,True,False,False,False,True,False
5546.238245132776,0,False,True,False,False,False,True,False,False
6517.689679635124,0,True,False,False,False,True,False,True,False
8299.120619034944,0,True,False,False,False,True,False,True,False
2072.148504888426,0,True,False,False,False,True,False,True,False
119.84832829821995,1,False,False,False,False,True,False,False,True
1377.4874443873846,0,False,False,True,False,False,False,False,True
9001.18623206257,0,True,False,False,True,False,True,False,False
8740.161874849528,0,False,False,True,False,False,False,True,False
5978.15689068138,0,False,True,False,False,False,False,False,True
6009.163435732197,0,False,True,True,False,False,True,False,False
6653.716378717092,0,False,True,True,False,False,False,True,False
1761.9590734482615,0,True,False,False,False,False,False,False,False
9144.975339790348,0,False,False,False,False,True,False,True,False
4193.51754367181,0,True,False,False,False,True,False,True,False
3837.55389721248,0,False,False,False,False,True,False,False,True
5193.987875775547,0,False,True,False,True,False,True,False,False
479.1900080827999,0,True,False,False,False,False,True,False,False
1671.1708538732332,0,False,False,False,False,False,False,False,True
7382.955828099441,0,False,False,True,False,False,False,True,False
837.1586925720134,0,False,True,False,True,False,False,False,False
6035.489573569218,0,True,False,False,False,True,False,True,False
2461.037605716396,0,True,False,False,True,False,False,True,False
3899.0631842793455,0,True,False,False,False,False,False,False,False
2894.050430339292,0,False,True,False,False,False,False,False,True
3563.170437484842,0,True,False,True,False,False,True,False,False
7193.268592790612,0,False,True,True,False,False,False,False,True
2978.2459390755184,0,False,True,False,False,False,False,False,True
5668.382356566003,0,False,True,False,False,True,False,True,False
4765.743517969006,0,False,False,False,False,True,True,False,False
6640.074941972855,0,True,False,False,True,False,True,False,False
9368.929095854332,0,True,False,False,False,False,False,False,True
7328.3952511304,0,False,True,False,False,False,False,False,False
2157.25438212166,0,False,True,False,False,True,False,False,True
321.51951926223387,0,True,False,False,False,True,False,False,False
2630.0178025552527,0,False,True,False,False,False,True,False,False
5954.828527695546,0,True,False,True,False,False,False,False,True
523.743876707661,0,False,False,False,False,False,False,True,False
4968.698809540351,0,False,True,False,False,False,False,False,True
5972.460060679723,0,True,False,False,False,True,True,False,False
3349.0964692614384,0,False,True,False,False,True,False,True,False
7711.412915420761,0,True,False,True,False,False,False,True,False
1074.9165488063802,0,True,False,True,False,False,False,False,False
760.6264395407295,0,False,True,False,True,False,False,True,False
7284.605674473997,0,False,False,False,False,False,False,True,False
4959.958248899922,1,True,False,False,False,True,False,False,True
6887.139940313083,0,True,False,True,False,False,True,False,False
4353.925112651425,0,True,False,False,True,False,False,False,False
2471.556312058677,0,False,False,False,True,False,False,False,True
8192.832153565254,0,False,False,False,False,True,False,True,False
7996.164630900103,0,False,True,False,False,True,False,True,False
6950.017743835723,0,False,False,False,True,False,False,False,False
2728.7299209273274,0,False,True,True,False,False,True,False,False
5906.40436202218,0,False,True,False,True,False,False,False,False
3616.129230430868,0,False,False,False,False,False,False,False,True
924.9049125330752,0,False,True,False,False,False,False,False,False
9173.962618867805,0,False,False,False,False,True,False,True,False
1376.8181228804244,0,False,True,True,False,False,False,False,True
9502.871164669816,0,False,False,True,False,False,False,True,False
4465.597671849978,0,False,False,False,False,False,True,False,False
